,q1c,q1cstd,q1high,q1low,q1range,q1middle,q1pos,q0c,q0cstd,q0high,q0low,q0spanmean,q0spanstd,q0lixt,q0lixc72,q0lixc288,q0lixd,q0lixm,q0lixtv,q0lixc72v,q0lixc288v,q0lixdv,q0lixmv,m0c,m0cstd,m0high,m0low,m0spanmean,m0spanstd,m0lixt,m0lixc72,m0lixc288,m0lixd,m0lixm,m0lixtv,m0lixc72v,m0lixc288v,m0lixdv,m0lixmv
2015-03-20,0.157455757314,-0.760873537463,-0.633107997551,0.721705846475,-0.737782299722,0.0244513637007,0.848205843758,0.178476838756,-0.732094727715,-0.756883467925,0.787461191353,-0.792505067876,-0.796198085276,0.485901719294,0.0,0.0,-0.602911960117,1.0,-0.0261876861397,0.0,0.0,-0.0320463574541,0.0,-0.0637816354291,-0.759525527629,-0.756863436814,0.769146636276,-0.770631013143,-0.84707721905,0.264938999234,0.0,0.0,-0.251691536946,1.0,-0.0842719180016,0.0,0.0,0.0482468329077,0.0
2014-12-19,0.309931798881,-0.796205521166,-0.352551873702,0.984912746166,-0.751114955339,0.315104433796,0.91699999381,-0.0229615944422,-0.727418109773,-0.709178216778,0.803434032107,-0.777457394551,-0.812799870453,0.49969484894,0.0,0.0,-0.583382675347,1.0,-0.264275297482,0.0,0.0,0.07695713903,0.0,-0.0332216779675,-0.661701480273,-0.673404777828,0.662999325145,-0.679765972069,-0.862198187148,0.218895086576,-0.463665978653,-0.102459543582,-0.188234231617,1.0,-0.0782199848289,-0.463665978653,-0.105078932904,0.0704573963105,0.0
2014-09-19,0.0930265418911,-0.905005383813,-0.80837600601,0.650728354926,-0.79995403086,-0.096805845221,0.98113840982,0.247913533954,-0.949596100609,-1.0,0.92428968064,-0.979153655812,-0.971171299268,0.638889408589,0.0,0.0,-0.684954391691,1.0,0.225004410827,0.0,0.0,-0.0797570230739,0.0,0.0704697665829,-0.933320524002,-0.966661301427,0.977842971656,-0.975714792572,-0.96900742358,0.394150377399,0.0,0.0,-0.401827564699,1.0,-0.0511999748723,0.0,0.0,0.0247471321407,0.0
2014-06-20,0.306428667422,-0.964137639793,-0.387142665155,1.0,-0.785334817093,0.306428667422,1.0,0.164130260492,-0.757844078723,-0.716730494777,0.810359367216,-0.785304508774,-0.877748226941,0.560061995715,0.0,0.0,-0.636349878113,1.0,0.487605033266,0.0,0.0,-0.0243383188997,0.0,0.0247397212831,-0.804664247599,-0.800718312013,0.876571558557,-0.839077030551,-0.911910114465,0.284720867833,0.0,0.0,-0.302491927693,1.0,-0.0817050504013,0.0,0.0,0.0384912485535,0.0
2014-03-21,0.244425163409,-0.796446533301,-0.437273686606,0.728364025775,-0.613509174531,0.12617246112,0.830774631373,0.0697050501947,-0.845437589153,-0.890255935348,0.953142818032,-0.940365373259,-0.887663233882,0.389235818862,0.0,0.0,-0.621517928451,1.0,8.02519056266e-05,0.0,0.0,0.028613247452,0.0,-0.100076015737,-0.850957402695,-0.898296086667,0.989152949134,-0.940175970392,-0.910380370243,0.33462107455,0.12485911844,0.0555569117433,-0.295463755336,1.0,-0.123092073149,0.11311163278,0.0315635662903,0.0894792638702,0.0
2013-12-20,0.190991453501,-0.88322911015,-0.618017092998,0.927944289262,-0.883406275291,0.149824682783,1.0,0.161845062182,-0.816969578833,-0.856427592527,0.868195156318,-0.881530625268,-0.949301742021,0.389207703635,0.0,0.0,-0.659283062271,1.0,0.0744145773532,0.0,0.0,-0.0425507898351,0.0,0.319684980302,-0.819375823369,-0.915469642771,0.812297090396,-0.880845679468,-0.949910296431,0.489982852522,0.0,0.0,-0.524618031611,1.0,0.0734069240025,0.0,0.0,-0.0572242595706,0.0
2013-09-20,0.0619632216289,-0.869448426987,-0.770132210364,0.636676593597,-0.764103520093,-0.0864528548011,0.671507166874,0.277920226766,-0.758857722729,-0.766893951111,0.789036652716,-0.798674803823,-0.874003590598,0.363137509761,0.0,0.0,-0.633352299529,1.0,0.180770215285,0.0,0.0,-0.155119271463,0.0,0.422576808166,-0.91164050851,-0.928805800854,0.8202290733,-0.891882569857,-0.94888952841,0.54514837192,0.0,0.0,-0.554318656314,1.0,0.486766655703,-0.380198007628,-0.0861628904709,-0.201875964898,0.0
2013-06-21,0.0369698810153,-0.738460867624,-0.369302551088,1.0,-0.773556201499,0.315348724456,-0.765530169313,0.212007755636,-0.783526762066,-0.843986420828,0.785885124322,-0.834400592355,-0.877977935766,0.299806980625,0.0,0.0,-0.538821480231,1.0,0.0858967433221,0.0,0.0,-0.119979785078,0.0,0.0661238739136,-0.782095449436,-0.862724134803,0.735864239784,-0.82024761587,-0.907917145264,0.43114160735,0.0,0.0,-0.453178713871,1.0,-0.0231045797786,0.0,0.0,0.00668959277086,0.0
2013-03-15,0.288647123724,-0.865985453676,-0.403158486031,1.0,-0.795908975801,0.298420756984,0.934497631068,0.14804153883,-0.733323091904,-0.724742443166,0.744984003167,-0.755615708752,-0.818275746463,0.255074105604,0.0,0.0,-0.440563794771,1.0,-0.0630265056223,0.0,0.495193245292,-0.0935054446231,0.0,0.310389734972,-0.787901229027,-0.946188414816,0.717146835539,-0.86100317181,-0.872942179843,0.38374314813,0.0,0.0,-0.389161194612,1.0,0.366770761487,0.0106065970257,-0.0108843205127,-0.195211248018,0.5
2012-12-21,0.074035361196,-0.762624737484,-0.716625169347,0.582918919282,-0.688221354552,-0.0901476883476,0.643911829182,0.0753100587568,-0.832794354076,-0.777323393042,0.867945538878,-0.842879399582,-0.880734992889,0.245101587025,0.0,-0.907657285949,-0.340452240868,1.0,0.0870937526965,0.0,-0.0523749387755,-0.00263339715604,0.0,-0.0719026761577,-0.855053447418,-0.767602166134,0.932001751679,-0.841327984216,-0.946724424997,0.236216062136,0.377227993055,0.167850154471,-0.182085076732,1.0,-0.216485543694,0.341736148372,0.0953607627071,0.126810871664,0.0
2012-09-21,0.307239335038,-0.871962615998,-0.338967471734,0.847977065038,-0.638841027026,0.243662727566,0.888458968253,-0.0409086416933,-0.607017220764,-0.564208335792,0.592355633418,-0.601193640138,-0.854341418968,0.214589406498,0.0,-0.796983046086,-0.338847429368,1.0,0.114417744906,0.0,-0.377160378926,0.0436297703101,0.0,0.138979829534,-0.707502228608,-0.845427372518,0.526239315803,-0.727033692432,-0.879887547239,0.211497979216,0.0,0.0,-0.314207838352,1.0,0.219353587032,0.0,0.69663282794,-0.161198153634,0.5
2012-06-15,-0.130066720973,-0.688054913288,-0.772720912272,0.267560637821,-0.487349450825,-0.284460343892,0.0142428261432,0.192955713758,-0.797700627426,-0.818385054418,0.753225938053,-0.805353546149,-0.909823605085,0.14455566483,0.0,0.0,-0.351941814363,1.0,0.134035781814,0.0,0.0,-0.149532742738,0.0,-0.0479497649265,-0.792193398393,-0.806809760827,0.809451608319,-0.816078732097,-0.925819496899,0.180306461612,0.135011936016,0.0600744767965,-0.342271071027,1.0,-0.188658119047,0.122309213123,0.0341301319894,0.0809136441418,0.0
2012-03-16,0.387486439786,-0.872432375363,-0.225027120428,0.977313574333,-0.661186163193,0.374525261911,1.0,0.250351606229,-0.317521822422,-0.405812918888,0.396675710114,-0.423637985831,-0.630185062417,0.0975979457611,0.0,0.0,-0.260815466555,1.0,0.177017371792,0.0,0.167035224777,-0.268432011715,0.0,0.314501252521,-0.762042444378,-0.902442411256,0.595114393483,-0.787398290939,-0.849628627875,0.329478538826,0.0,0.0,-0.303043651579,1.0,0.448546049099,0.0,0.0,-0.332692603157,0.5
2011-12-16,-0.0754232716315,-0.296965362664,-0.565708101246,0.354255877842,-0.416076343115,-0.141643501197,-0.0351205880352,-0.26206244734,0.141506262279,0.244693289115,-0.0720495549195,0.133982056917,-0.359327668176,0.0355821772666,0.0,-0.335041305952,-0.0972310340469,1.0,-0.189559371914,0.0,0.331515914469,0.16260014836,0.0,0.712380157279,-0.331171342701,-0.418078227874,0.081206508803,-0.297203456185,-0.714925613328,0.129162230261,-0.854654477791,-0.0594784597677,0.00497121755749,0.0,0.275312101561,-0.854654477791,-0.216212385772,-0.143094385061,0.5
2011-09-16,-0.481869865961,0.0673592928596,-1.0,-0.684994759655,0.0812069094545,-0.89837963466,-0.143908283869,0.0229601512519,-0.701360510068,-0.644206259704,0.73344284986,-0.71133055856,-0.893074608132,0.13542364392,0.0,-1.0,-0.311838494184,1.0,-0.137405139203,0.0,-0.0449760084431,0.0108411321692,0.0,0.479962563967,-0.750846800071,-0.819439265732,0.627292481819,-0.751865057067,-0.920348853263,0.387132860535,0.0,0.0,-0.355626944592,1.0,0.488192591721,0.0,0.0,-0.228817826028,0.5
2011-06-17,-0.247476466031,-0.774275631936,-0.774826837584,0.459368685718,-0.633440951701,-0.183177717269,-0.876159290085,0.169209776992,-0.723077035574,-0.773948813464,0.736110408917,-0.775331481958,-0.851372935059,0.207795326128,0.0,-0.904960546726,-0.32614713943,1.0,0.00496729195708,0.0,-0.147740825847,-0.117393083789,0.0,0.142703747743,-0.889157521909,-0.894759751004,0.835737830943,-0.877925155226,-0.961325755195,0.410602378991,0.0,0.0,-0.492015333311,1.0,0.203715867916,-0.187942252834,-0.0425926686117,-0.121603450788,0.0
2011-03-18,-0.0162066000956,-0.703828188703,-0.466281958921,0.792760057856,-0.681242105757,0.148458978482,-0.481482533294,0.340637427515,-0.812143439398,-0.908262379154,0.756913248721,-0.850516798379,-0.902453312031,0.206055099025,0.0,-0.592767273004,-0.254606935006,1.0,0.139857339931,0.0,-0.280518300106,-0.31680194719,1.0,0.168158996796,-0.958683227984,-0.97533832991,0.87801171538,-0.941701740216,-0.955940434666,0.434507900577,0.0,0.0,-0.559808265403,1.0,-0.00745077143935,0.0,0.0,-0.0495812921515,0.0
2010-12-17,0.295153389396,-0.777054382113,-0.409693221208,0.959744202701,-0.769854211126,0.272154502,1.0,0.293128045996,-0.624884128618,-0.670505040126,0.570299415242,-0.641159348909,-0.839988984727,0.157057871647,0.0,0.0,-0.0615455098144,0.0,0.321789702855,0.0,0.0,-0.341363643238,0.0,0.238182543608,-0.777625826823,-0.816740005528,0.671553975965,-0.767635126665,-0.924753341497,0.420028297078,0.0,0.0,-0.371427689015,1.0,0.303131532742,0.0,0.0,-0.171157795926,0.0
2010-09-17,0.119372593905,-0.638618232525,-0.738347773409,0.494818794412,-0.636100070501,-0.147255519128,0.945387336647,-0.310852314488,-0.193488858679,-0.107772529032,0.196506108478,-0.174764145254,-0.414196318354,0.0443229715968,0.0,0.0,0.0956810230796,0.0,-0.261690366116,0.0,0.261090767832,0.220134590235,0.0,0.191250646066,-0.530613557456,-0.585042569955,0.438532212231,-0.539183722946,-0.800428183157,0.0720983122106,0.0,0.398513643146,-0.038498422723,0.0,-0.112735282871,0.0,-0.0359979049779,0.0288064581812,0.0
2010-06-18,-0.411760484278,-0.239720925268,-1.0,-0.376882373141,-0.151234858144,-0.734105003155,-0.196211070198,0.462084257546,-0.751309840461,-0.753496859383,0.635898328599,-0.714938587036,-0.820841689139,0.182156040457,0.0,-0.523699069723,-0.144060178223,0.0,0.440613364412,0.0,-0.133178893294,-0.520186190342,0.0,0.345482661437,-0.899032978486,-0.911263213274,0.721288582527,-0.842860424941,-0.940005001916,0.978627644908,0.0,0.0,-0.73651875788,1.0,0.441513757376,0.0,0.0,-0.0774212214447,0.0
2010-03-19,0.358276674047,-0.729316532172,-0.217092006255,0.677704448674,-0.429920287871,0.207320540565,0.8847183946,0.0452696651668,-0.598350598376,-0.576033891897,0.704272001468,-0.663522896674,-0.776038224464,0.0277927927916,0.0,-0.242276826078,0.112964994692,0.0,0.158747259424,1.0,0.1463469432,-0.0735328659358,1.0,-0.111129218744,-0.738341270297,-0.839655129294,0.789394486296,-0.827627972662,-0.85818808351,0.397169731276,0.0,0.0,-0.430934879693,1.0,-0.0784841846994,0.0,0.0,0.0842359822806,0.0
2009-12-18,0.121603675393,-0.631265230788,-0.633008758224,0.595989759415,-0.64287583507,-0.0441626226558,0.70123184222,0.411823655459,-0.626480626678,-0.622436048737,0.500713137655,-0.58337448526,-0.857435340716,-0.0583868915555,-1.0,-0.53582132268,0.142235134705,-1.0,0.432257044834,-0.221156061116,-0.0459224076593,-0.615374403125,0.0,0.268134136294,-0.696576974969,-0.731420524242,0.665034982605,-0.715267690614,-0.884726119124,0.398406968491,0.0,-1.0,-0.722703391528,1.0,-0.0372363367083,0.0,-0.200398315944,0.0116452612318,0.0
2009-09-18,0.521952305127,-0.700195041777,0.04929718885,0.957829628532,-0.465369652774,0.500555875118,0.990172821947,0.52444022092,-0.319114871244,-0.32657908427,0.203281850562,-0.287520825997,-0.752249797455,-0.376184791666,-0.818896152459,-0.438782019548,0.387188118798,-1.0,0.41643510277,-1.0,-0.207647067992,-0.947327911281,0.0,0.522278958917,-0.515752060234,-0.725250147541,0.340330087436,-0.582569886625,-0.812607497979,0.365734568721,0.0,0.0,-0.349892424747,0.0,0.695112346637,-0.0245134282419,0.353881766924,-0.363274135257,0.0
2009-06-19,0.364479391209,-0.410538361051,0.0600391642551,0.871595634629,-0.393222031941,0.456659774636,0.451289872452,0.165606940837,0.330937514292,0.425248947069,-0.368874854759,0.376476898632,-0.467534546958,-0.682350307705,0.0,0.0,0.764276924579,-1.0,0.372707164566,0.0,0.0,-0.592186894058,0.0,0.490055065462,-0.0833999371711,-0.4308517164,-0.194248906925,-0.192082127224,-0.642096074339,-0.218336631167,0.0,0.0,0.246725219424,0.0,0.777907295816,0.0,0.0,-0.910730224019,0.5
2009-03-20,-0.382909253478,0.137442560067,-0.418471575877,-0.877045190231,0.61003458604,-0.729427836394,-0.0685366477884,-0.168760364806,1.0,1.0,-1.0,1.0,0.214243545241,-0.956366788572,0.0,0.0,1.0,-1.0,0.0593482934336,0.0,0.0,0.0493056046216,0.0,-0.168752211053,-0.203949961592,-0.323888219831,-0.0530189254834,-0.187044585383,-0.618752542887,-0.688010819286,0.0,0.0,0.699931095351,-1.0,-0.0563901043967,0.0,0.0,0.0554264863675,0.0
2008-12-19,0.0727396621028,1.0,0.688924001829,-0.424804929293,1.0,0.0304443853588,0.0693616838606,-1.0,0.837495501898,0.982112177091,-0.430083932023,0.693386582252,0.588834871398,-1.0,0.0,0.0,0.957493454884,-1.0,-0.918415475632,0.0,-0.182665702831,1.0,-1.0,-1.0,0.871709310518,1.0,-1.0,1.0,0.0637246523015,-1.0,0.0,0.0,1.0,-1.0,-0.881291387633,0.115313746768,0.0321780616267,1.0,0.0
2008-09-19,-0.0107048570029,-0.14036339253,-0.565872824376,0.190201913204,-0.292421838218,-0.229188136457,0.325320442135,-0.3308283816,-0.534554647821,-0.336878736125,0.610949306607,-0.500333550095,-0.755392017978,0.00721628153606,0.0,0.151697084829,0.0953897357924,0.0,-0.312070437955,0.107383300696,0.185998236646,0.249591380328,0.0,-0.0581568645519,-0.58723528695,-0.49055203624,0.515752508466,-0.514223334307,-0.813840980912,-0.280588645971,0.0,0.0,0.215556015125,-1.0,-0.103491825318,0.0,0.0,0.0696097135303,0.0
2008-06-20,-0.287195947253,-0.65624124187,-0.763539668831,0.425608105495,-0.600519623702,-0.195910972459,-1.0,0.203070842063,-0.343451251296,-0.269909071622,0.29613546364,-0.306332889586,-0.647290136483,0.171584679205,-0.107383300696,0.00507603757106,-0.183384609719,0.0,0.235738133054,-0.131131768507,-0.177566305514,-0.209676852096,0.0,0.499468877262,-0.646265744424,-0.746043911,0.509154537386,-0.661162289274,-0.840917977707,0.0170572437344,0.0,-0.119284963904,0.0261862438534,0.0,0.497862708198,0.0,-0.122334496918,-0.312094582054,0.5
2008-03-21,-0.00415304985544,-0.358284643667,-0.440802614327,0.567771027169,-0.494686798229,0.0326582235804,-0.0800492837164,-0.440099524524,-0.363658707336,-0.206119303389,0.440870264728,-0.349265138779,-0.597062060994,0.0889968442548,0.0,0.152538262241,-0.0556060014933,0.0,-0.387236751623,0.0,0.193504604752,0.324672737902,-1.0,-0.360631340169,-0.560698820473,-0.441374582539,0.426395652768,-0.447572369625,-0.637938845996,-0.302930685015,0.0,0.0,0.230860641467,-1.0,-0.425678376993,0.022958572823,-0.0180690257173,0.277588805872,-0.5
2007-12-21,-0.166296362302,-0.450795038505,-0.894560274543,0.161908960786,-0.488087469621,-0.397641405271,0.0866625144448,0.210276467078,-0.512666861431,-0.514557153705,0.500938380257,-0.530125357377,-0.702122891106,0.292955555627,0.0,0.0,-0.484124624383,1.0,0.168961569741,-0.224293311891,-0.0465738485843,-0.13392850681,0.0,0.0444226273677,-0.804677113368,-0.8643020553,0.731271712589,-0.819152855128,-0.868638367046,0.225496935282,-0.084297964834,-0.0186279162143,-0.24904235013,1.0,-0.0313073490461,-0.084297964834,-0.0191041409086,0.0157075979144,0.0
2007-09-21,0.262832995826,-0.485402276007,-0.448522654572,0.64015870195,-0.55439349725,0.0701546314219,0.94637412068,-0.0776010741339,-0.718885647002,-0.673921922162,0.84662619658,-0.782537130394,-0.809571992307,0.233762034181,1.0,0.0386778522187,-0.402507612153,1.0,-0.165668799735,0.18367293013,0.0490653452863,0.0959488796098,0.0,-0.106486736491,-0.728181609177,-0.714975730786,0.797614978578,-0.757461297785,-0.804108186318,0.0990534791979,0.0,0.782971582721,-0.041789594149,0.0,-0.148829246184,-0.114377832444,0.375094778046,0.111885700717,-0.5
2007-06-15,0.187796020451,-0.835324995586,-0.575911937774,0.973330269783,-0.889846547513,0.196807117096,0.786625221499,0.151297938706,-0.756561151902,-0.82863150677,0.79493411594,-0.831097628458,-0.780508229325,0.313873486699,0.0,0.0,-0.517940913591,1.0,0.0953735398918,0.0,0.0,-0.0629092409672,0.0,0.267079883773,-0.900919437606,-0.973503197173,0.750355134857,-0.890554531123,-0.933466821069,0.397759333092,0.0,0.0,-0.446501224857,1.0,0.425789762108,0.0,0.0,-0.270395368179,0.5
2007-03-16,-0.152945214843,-0.74952719181,-0.765808179425,0.603993466111,-0.736592315628,-0.101860711879,-0.700094736961,0.181781485717,-0.960167745846,-0.92359199451,0.928249833047,-0.944226518046,-0.974772577057,0.280460588798,0.0,0.0,-0.479603561732,1.0,0.0676617793033,0.0,0.0,-0.096102480986,0.0,0.111253952771,-0.991848814952,-0.919192706203,0.953908043155,-0.938536530402,-0.97763633907,0.320479718701,0.0,0.0,-0.397551060418,1.0,-0.0837010708866,0.0,0.0,0.0271807077474,0.0
2006-12-15,0.245328790119,-0.940581620914,-0.509342419762,0.968431811712,-0.842199791142,0.227293295695,1.0,0.415788425206,-0.925021185211,-0.905027459274,0.8602558176,-0.90100535625,-0.937728634365,0.256756151212,0.0,0.0,-0.421038006476,1.0,0.476957633745,0.0,0.340453134083,-0.372486081756,0.0,0.325470648533,-0.962150193546,-0.974633357496,0.877614610493,-0.941133111549,-0.970347762306,0.36644962181,0.0,0.0,-0.379925855345,1.0,0.248237635026,0.0,0.0,-0.112613044959,0.0
2006-09-15,0.3673470826,-0.908213388793,-0.2653058348,1.0,-0.70489423333,0.3673470826,1.0,-0.178725238455,-0.716680072435,-0.608045130847,0.810359199938,-0.732250476686,-0.874093045309,0.0896601543811,0.0,-0.682885078947,-0.194042262145,1.0,-0.18471806803,0.0,0.15517564391,0.134307164696,0.0,-0.012197071493,-0.774045809273,-0.775946267894,0.833412969478,-0.807113434915,-0.921003654947,-0.0204699537544,0.0,0.549382024427,0.0392434271255,-1.0,-0.0213045345529,0.0,0.132280263829,0.0233085428612,-0.5
2006-06-16,-0.228878398888,-0.762053092707,-0.873221374559,0.328842234493,-0.599934271146,-0.298681566304,-0.454294519973,0.158633175147,-0.900360817492,-0.787219819476,0.923860220803,-0.876180789055,-0.94210606846,0.186951692348,0.0,-0.994138291897,-0.371307287942,1.0,0.274054388464,0.0,-0.127286649284,-0.123319512289,0.0,0.0508326787347,-0.907649047725,-0.841217463293,0.944312857656,-0.88906595835,-0.935744576804,0.180096361087,0.0,0.0,-0.277750849126,1.0,-0.0650626686774,0.0,0.0,0.0147881058392,0.0
2006-03-17,0.208231199071,-0.914231850174,-0.583537601857,0.946555712581,-0.874682374651,0.177697481427,1.0,0.279054042744,-0.841781762142,-0.839534873257,0.895863641883,-0.887133941536,-0.920927077589,0.0909402481721,0.0,-0.725167034202,-0.296155474617,1.0,0.319286649655,0.0,-0.221842746891,-0.282315143439,0.0,-0.0203774088792,-0.853470029137,-0.874966501223,0.970554793817,-0.919020674832,-0.914279222764,0.182970034546,0.097620066474,0.0434367107925,-0.187281769264,1.0,-0.0526412739731,0.0884353922159,0.0246777125926,0.0369256175601,0.0
2005-12-16,0.426933721148,-0.879047246457,-0.0933797916895,0.994123122782,-0.586949594325,0.449952534651,0.884483248854,-0.144743597297,-0.846350051122,-0.712502658843,0.937394854952,-0.846763700946,-0.919312127861,-0.0438972634175,0.0,-0.256387920465,-0.124110560029,1.0,-0.21491012108,0.0,0.117136867396,0.105381175208,0.0,-0.105915998215,-0.840622295869,-0.759826388459,0.87001269331,-0.812217633138,-0.909748491367,-0.0301592886511,0.0,0.170423862631,0.0358934016753,-1.0,-0.190157998038,0.0,0.0968229643586,0.129946869435,-1.0
2005-09-16,0.0196824550721,-0.899962241507,-0.894282055999,0.767230555449,-0.944561895149,-0.0747755122652,0.64296475947,0.28452155703,-0.862909482627,-0.844728808473,0.821644482619,-0.852547221355,-0.952056122207,0.0922760399311,0.0,-0.491342488162,-0.263197680095,1.0,0.230346193633,0.0,-0.23252052842,-0.300226107896,1.0,0.280988455195,-0.893862462123,-0.895131821566,0.899120792305,-0.903004051816,-0.970836257665,0.278458283668,0.0,0.0,-0.289963050192,1.0,0.0889941855706,0.0,0.0,-0.0238966961429,0.0
2005-06-17,0.323063997474,-0.873412786765,-0.353872005051,0.922382693505,-0.704813514781,0.278719783428,1.0,-0.0445215498788,-0.793914433037,-0.701960462132,0.902851511162,-0.824450988036,-0.914218317526,0.0115772018832,0.0,0.0,-0.0802376926834,0.0,-0.118536613995,0.0,0.176187929673,0.0429774250262,-1.0,-0.0594043377199,-0.779371773661,-0.737127024344,0.876749808969,-0.801583551437,-0.901442856369,-0.0394751709693,0.0,0.125602293575,0.0184527788003,0.0,-0.104505324714,0.0,0.0657150885274,0.0815367893289,0.0
2005-03-18,0.107055122066,-0.874852444249,-0.4353310491,0.964553995195,-0.790409662822,0.262083512164,-0.158544536158,0.26457195695,-0.834486507405,-0.804398731566,0.873923219239,-0.859141015489,-0.920168091378,0.0740107775693,0.0,-0.353399913877,-0.136961355737,1.0,0.165935560649,0.0,-0.0506063014299,-0.268712120864,1.0,-0.125912823817,-0.887541045528,-0.800013643133,1.0,-0.886783912239,-0.947199754078,0.11754259048,0.11677767827,0.0519610201184,-0.127737474951,1.0,-0.180562974236,0.105790542384,0.0295206312151,0.0883938876625,0.0
2004-12-17,0.515816993141,-0.854426760995,0.152337306028,0.991380974103,-0.422650591302,0.571244442853,0.7922822196,0.0353000833244,-0.80439436019,-0.76353589544,0.855948308522,-0.830566489801,-0.932557555383,0.0158773796431,0.0,-0.246463007144,0.0175012708238,0.0,-0.0529738156585,-0.115230999128,-0.105875738859,-0.0383942487724,0.0,-0.0466727086364,-0.850450963038,-0.822306828807,0.91273109254,-0.865773005461,-0.95062280205,-0.0221990951601,0.0,0.0943736769938,0.0253654898475,-1.0,-0.176951984865,0.0,0.0536165477235,0.089815256543,-1.0
2004-09-17,0.223814458535,-0.831159468622,-0.55237108293,0.787521118414,-0.734128620816,0.102421312717,1.0,-0.157452644136,-0.829317356506,-0.634674635576,0.864019324454,-0.772311437457,-0.88916327021,0.0437788407851,0.51375138276,-0.0227354536226,0.0327843013838,0.0,-0.134035588948,0.0943622218297,0.131572351484,0.117670523332,0.0,-0.153289660916,-0.908602612246,-0.77380153916,0.952666419589,-0.8529819243,-0.937125583499,0.00468568443286,0.0,0.727039003797,0.0237888296994,0.0,-0.213368325932,0.0,0.413052905065,0.131341012387,-0.5
2004-06-18,-0.0245772068294,-0.823004945927,-0.984095549756,0.502285614488,-0.803983647984,-0.257942557261,0.753442686492,-0.00274755399628,-0.743672803993,-0.672316685868,0.79592335604,-0.756429023944,-0.906755954776,0.114375771178,0.0,-0.286644892649,-0.105115676527,0.0,-0.0925220661181,0.0,-0.0591714306101,0.0189463935592,0.0,0.233493503915,-0.802396566263,-0.806374556315,0.765420654146,-0.798634638299,-0.913966861721,0.488591504664,0.0,0.0,-0.385657179725,1.0,0.237148920991,-0.397527321157,-0.0900901697137,-0.0552811354062,0.0
2004-03-19,-0.139816246606,-0.781427215938,-0.836972635957,0.673805786185,-0.836244190996,-0.0978452148183,-0.801387759945,0.439997953369,-0.847314143706,-0.861422819086,0.772402895417,-0.835889938915,-0.93748408098,0.163107409639,0.0,-0.161608887692,-0.130122033787,0.0,0.55920847395,0.0,0.0997190236119,-0.511500850716,0.0,0.331276724043,-0.922305035851,-0.962915529228,0.794442684985,-0.90179585173,-0.954213054835,0.638791390646,0.0,0.0,-0.702071172622,1.0,0.131313099395,0.0,0.0,-0.099974881931,0.0
2003-12-19,0.333352721514,-0.837356803872,-0.327492043759,1.0,-0.745951563334,0.336253978121,0.982743659285,0.121659981453,-0.743256837484,-0.693219466007,0.668016786219,-0.701845921667,-0.874832487987,-0.0688416121809,0.0,-0.361626530341,0.118611925151,0.0,-0.00893495112841,0.70544499599,0.00815925827534,-0.188041797751,0.0,0.255714975928,-0.758054922058,-0.770562037345,0.73797377455,-0.766782629611,-0.896043251076,0.331041771528,0.0,0.0,-0.431987848534,1.0,-0.0789878167251,0.0,0.0,0.0542264368524,0.0
2003-09-19,0.216240275559,-0.816216348506,-0.52981360424,0.665775714806,-0.627390012683,0.0441446335532,0.911497303816,0.446583314532,-0.6136062917,-0.517391708959,0.49922532294,-0.53121528633,-0.871942231439,-0.0589656237111,-0.70544499599,-0.37799247083,0.193462941475,0.0,0.464688191677,-0.824752016858,-0.171257338121,-0.651537493226,1.0,0.182929670277,-0.706898995451,-0.67611270059,0.623949522458,-0.666349388854,-0.928232997368,0.373243130952,0.0,-0.664852371684,-0.477876328737,1.0,-0.0975486059167,0.0,-0.0755113651742,0.0304983190965,0.0
2003-06-20,0.618742220215,-0.676417370139,0.44147483897,1.0,-0.238254959928,0.720737419485,0.716969879701,0.174549209415,-0.359610611341,-0.193752924288,0.285167567287,-0.26449888457,-0.708479027195,-0.400607092107,-0.0300587426523,-0.0161061152461,0.452810831806,-1.0,0.215328835649,-0.0367064157794,-0.00762197961308,-0.416209607309,0.0,0.325129976989,-0.549688097391,-0.559151750571,0.485573139495,-0.542630653877,-0.774883537847,-0.0306375625541,0.0,0.0,0.000424534860672,0.0,0.114555681848,0.0,0.195427550161,-0.0663932777542,0.0
2003-03-21,0.229176569021,-0.440831239579,-0.541646861957,0.292323891136,-0.35346849188,-0.163436260235,1.0,-0.13331689221,-0.390124638151,-0.189762178058,0.378937359735,-0.310590675695,-0.777406089067,-0.558918107787,0.0,0.0,0.618485232302,-1.0,-0.0280015554499,0.0,-1.0,0.0622653673124,0.0,-0.057662554649,-0.540565477145,-0.573521246889,0.58566901644,-0.590426110891,-0.829719229527,-0.318244711509,0.0,0.0,0.22168646628,-1.0,-0.13464010356,0.0,0.0,0.0756521237852,-0.5
2002-12-20,-0.0105777447364,-0.489530755758,-0.472801545174,0.759791583815,-0.660674938118,0.126363681578,-0.37555806683,0.211175095311,0.131453363147,0.136928539219,-0.332531940619,0.215629147772,-0.566323043496,-0.527967402541,0.0,0.830462875506,0.564806027571,-1.0,0.209662959263,0.0,-0.204147746389,-0.502665951959,0.0,0.675388757856,-0.117294921354,-0.339422360473,-0.25945562439,-0.112141250261,-0.710282612994,-0.186666578025,-0.929354395797,-0.20536599967,0.19361634299,-1.0,0.771506356305,-0.929354395797,-0.210616203681,-0.563452439553,0.0
2002-09-20,-0.0438858490599,-0.0971807547287,0.478922627829,0.78510635284,-0.0514137173264,0.616688567511,-0.83153729949,-0.685458764437,-0.142634969713,0.141247927538,0.185299564556,-0.0456645093064,-0.349951561058,-0.682112832862,0.0,1.0,0.764894826047,-1.0,-0.560763700296,0.0,1.0,0.619497647937,0.0,-0.498968659644,-0.164926196594,-0.0610150624228,-0.117055296852,-0.000846651264847,-0.495647027828,-0.710618740571,0.0,0.0,0.568571913637,-1.0,-0.418306938445,0.0,0.0,0.34377513369,0.0
2002-06-21,-0.40692112868,-0.479223547652,-0.677117272656,0.186157742641,-0.362818045867,-0.283251987179,-1.0,-0.165927203963,-0.544610435619,-0.40857291977,0.602185205729,-0.530512254982,-0.800375429541,-0.0622889794541,0.0,0.211707326362,0.230823599792,-1.0,-0.1817805289,0.0,0.24322795591,0.120764177033,0.0,-0.223330515628,-0.72980249034,-0.636587753846,0.802649197902,-0.713584691671,-0.88816585858,-0.220242070488,0.0,0.0,0.130690855645,-1.0,-0.185528997059,0.0,0.170716118984,0.146760529911,-0.5
2002-03-15,0.196408035655,-0.575228973908,-0.585802315046,0.577538724723,-0.597789059607,-0.0319731187751,0.952322015881,0.202552907849,-0.618856041973,-0.556897288104,0.537833533292,-0.569301270803,-0.803895276898,0.0474038590986,0.0,0.0294595302686,0.138177075947,-1.0,0.317377447848,0.0,-0.0990360789823,-0.296166999004,0.0,-0.0545138905783,-0.81525750064,-0.771492233795,0.822368168444,-0.800526879913,-0.933754686193,-0.113064884353,0.0,-0.113762319811,0.0808969199894,0.0,0.0911737554262,0.0,-0.095230891164,-0.0390569171439,0.0
2001-12-21,0.209326551418,-0.623315133475,-0.316727142147,0.592221380148,-0.431213679116,0.108664902101,0.539477738919,-0.277092653213,-0.369689361294,-0.25205957011,0.316485991281,-0.307816738981,-0.535508747444,-0.0459365862096,0.0,0.0375092965335,0.191699621745,-1.0,-0.302795392936,0.0,-0.113499691905,0.192166467857,-1.0,0.486330088389,-0.604458030437,-0.761941698934,0.00546036078838,-0.469480552057,-0.727138809022,-0.302562463801,-0.424345576771,-0.093770636878,0.188369734547,-1.0,1.0,-0.424345576771,-0.0961678933596,-1.0,0.0
2001-09-21,-1.0,-0.517718645828,-0.857848185145,-1.0,0.412701874083,-1.0,-1.0,-0.124432747901,-0.586884138035,-0.473508653381,0.541227258552,-0.530802026929,-0.820061420879,0.137593695996,0.0,0.131766577042,0.0260321951203,0.0,-0.157842722371,0.0,0.167154384975,0.0983395994012,0.0,-0.0546557076325,-0.654667320529,-0.650939545266,0.613291642039,-0.647417733367,-0.887792669893,-0.181216067777,0.0,0.326676982934,0.14110978455,-1.0,0.0178456149271,0.0,0.185595100282,0.00635296437517,0.0
2001-06-15,-0.115675271587,-0.638368840877,-0.3548278365,0.729120889646,-0.559646762024,0.167827796612,-0.905378972336,-0.244817306621,-0.232622577104,-0.129357840062,0.200661349936,-0.189443318173,-0.556228053242,0.206707258413,0.0,0.00134608248942,-0.0676675641872,0.0,-0.344074280117,0.0,0.00170759228702,0.173875788798,0.0,0.719533351659,-0.281316509688,-0.459424957553,-0.0604595797678,-0.264593463342,-0.723470849601,-0.130171225809,-1.0,-0.220977057406,0.148594467956,-1.0,0.815697778723,-1.0,-0.226626359797,-0.604732549131,0.0
2001-03-16,-0.718508204467,-0.528775772006,-0.733276795541,-0.437016408934,0.0702298221942,-0.64171094246,-1.0,-0.128537170243,-0.27853492011,-0.104505375219,0.319010653053,-0.237306837599,-0.616633262281,0.387932171841,0.0,0.0,-0.297157154385,0.0,-0.279190785262,0.0,0.0,0.113933302905,-1.0,0.222770963282,-0.382917232479,-0.47906513843,0.321531302285,-0.428465973297,-0.657364530518,-0.106246079249,-0.172484982728,-0.03811522393,0.0938182231347,-1.0,0.259272269487,-0.172484982728,-0.0390896437554,-0.200530720966,0.0
2000-12-15,-0.304897604989,-0.457844779367,-0.710212432896,0.390204790021,-0.538602805779,-0.189903809409,-1.0,-0.185696015726,-0.557162485148,-0.357981954248,0.603010780964,-0.505329665937,-0.667288652753,0.534982761823,0.0,0.0,-0.44753178201,1.0,-0.556206899547,0.0,0.0,0.172098372061,0.0,-0.128894137778,-0.51108643382,-0.494987123997,0.387511512293,-0.464615824187,-0.727989252323,-0.087041774048,0.0,0.571435283095,0.0627577952657,-1.0,-0.16062687166,0.0,0.324649712747,0.114159204281,-1.0
2000-09-15,-0.0488059737257,-0.788822254092,-0.685247684811,0.59067861558,-0.67335889251,-0.0713694812412,-0.0896105923072,0.127897641107,-0.452841339849,-0.383842132261,0.419810001133,-0.424933966243,-0.742164874985,0.827938536327,0.0,0.0,-0.674675452507,1.0,0.0393398718082,0.0,0.0,0.013662046628,0.0,0.213518633304,-0.741185673382,-0.713807482199,0.723776327114,-0.727889767645,-0.935111411982,0.307906499059,0.0,0.0,-0.249049345759,1.0,0.0917647832792,0.0,0.0,0.00191555485054,0.0
2000-06-16,0.119726774011,-0.446062800599,-0.646341385537,0.57499074428,-0.635836684764,-0.0615796767721,0.727853157617,-0.0156204194618,-0.171897067567,-0.0365262806474,0.0862023804605,-0.0832744199428,-0.355967735694,0.814156316209,0.0,0.0,-0.692707275704,1.0,-0.169283065609,0.0,0.0,0.0803737491842,0.0,-0.219336747591,-0.34980131862,-0.386786846884,0.163608238695,-0.308141687296,-0.406113329836,0.0986878711898,0.0,0.0,-0.184765554024,1.0,-0.200494391897,0.0,0.0,0.0910574044007,0.0
2000-03-17,0.0920387516028,-0.33379353116,-0.815922496794,0.247136229937,-0.500464231261,-0.315508156939,1.0,0.431388436944,-0.575307474702,-0.513897545009,0.567248551377,-0.563039299677,-0.716367984079,0.903318193986,0.0,0.0,-0.798788397696,1.0,0.458759895181,0.0,0.0,-0.196477267069,0.0,-0.0419808105778,-0.620367097423,-0.668818306392,0.603932609877,-0.653613831248,-0.751607013258,0.381456633904,0.0,0.0,-0.382473458735,1.0,-0.0870238998708,0.0,0.0,0.0141237059761,0.0
1999-12-17,0.526478766175,-0.68714907209,0.161181769576,0.84762356756,-0.308359773252,0.493535388522,0.837901858983,-0.134514632391,-0.494840894407,-0.379498778589,0.462985199718,-0.44590970271,-0.791303509524,0.742597541735,0.0,0.0,-0.679053713189,1.0,-0.304987640372,0.0,0.0,0.14360576588,0.0,0.151194699843,-0.570916603362,-0.6185064675,0.412310111239,-0.548945786959,-0.843644203292,0.188818338973,0.0,0.338407679922,-0.055321888962,0.0,-0.0292514296826,-0.227342998595,0.053650712268,0.0710465409912,0.0
1999-09-17,-0.0796736421053,-0.614113368002,-0.789747594399,0.440875789298,-0.629340965901,-0.199999632737,0.0759266255371,0.000266487665467,-0.597294055715,-0.520093897545,0.494096756679,-0.529708928381,-0.794797819932,0.903235409535,0.0,0.0,-0.868591477991,1.0,-0.183717603585,0.0,0.0,0.0852107015378,0.0,0.251651023266,-0.756878669116,-0.803100135101,0.634582668867,-0.745128028764,-0.886141701821,0.428119141991,0.972534314661,0.432735740586,-0.432486276652,1.0,-0.0513930190352,0.881032524019,0.24585029667,0.0348848124019,0.0
1999-06-18,-0.0518730425798,-0.615912585965,-0.909377821353,0.44135666947,-0.708687458098,-0.25556376477,0.426115244888,0.431902684034,-0.460013030704,-0.458709383218,0.322463266224,-0.413209787619,-0.763065858368,1.0,0.0,0.0,-0.981056641264,1.0,0.242333695953,0.0,0.0,-0.152526720676,0.0,0.45897320192,-0.571554007228,-0.665389962331,0.40032555516,-0.571699640253,-0.771341719262,0.643109993855,0.0,0.0,-0.766591487297,1.0,0.0155292621487,0.0,0.0,-0.0845167043558,0.0
1999-03-19,0.347183324754,-0.561470811311,-0.143895705904,0.925782433681,-0.56874520999,0.385650267938,0.656209458111,0.580048245391,-0.52828643765,-0.545573034133,0.386355163754,-0.487345613467,-0.770843452356,0.915101494082,0.0,0.0,-0.888105741389,1.0,0.596225575045,0.0,0.0,-0.29585648697,0.0,-0.00317571711186,-0.609377619407,-0.686322832991,0.402828507777,-0.584252861301,-0.816569074684,0.631812652522,0.0,0.0,-0.567581213291,1.0,0.0438999849126,0.0,0.0,-0.00371228482577,0.0
1998-12-18,0.629227784748,-0.626165993202,0.304563849772,0.949980077285,-0.29091266773,0.62370461063,0.9322792765,-0.20294509336,-0.012504332531,0.103044262253,-0.121646291535,0.0917125350564,-0.304829194963,0.70622150192,0.0,0.0,-0.707808632949,1.0,-0.511226560849,0.0,0.0,0.168481812359,0.0,0.197262719844,-0.399268231381,-0.484779109862,-0.135047692954,-0.247726393425,-0.599815815878,0.165744195357,-0.804844214343,-0.106108485266,-0.110043896004,0.0,0.426670270278,-0.804844214343,-0.304306330612,-0.264969535742,0.5
1998-09-18,-0.531580334308,-0.0944405948909,-0.934887211225,-0.616363446339,0.0724206013631,-0.831405642541,-0.33880729538,0.119352361251,-0.680158126068,-0.56299839398,0.697937199579,-0.653879339324,-0.839318261023,0.975486002598,0.0,0.0,-0.930178994811,1.0,-0.0435717303139,0.0,0.0,0.0483241619359,0.0,0.0533254228015,-0.782392114311,-0.810288087575,0.729881024752,-0.786899436337,-0.897047424939,0.472604295422,0.852238888649,0.379209474746,-0.486505588371,1.0,0.0441337838227,0.61365214252,0.171238356335,-0.0471862307824,0.0
1998-06-19,-0.0328755133332,-0.709183548453,-0.853161350526,0.719855153898,-0.881672409182,-0.0808471171593,0.0492697548439,0.630875426031,-0.801797416307,-0.822114856764,0.646879404106,-0.753459744034,-0.893825591178,0.998435358334,0.0,0.0,-0.993959537209,1.0,0.684036914298,0.0,0.0,-0.286743321884,0.0,0.0904386406013,-0.853826397136,-0.820166420319,0.751568996362,-0.801306544246,-0.932745561181,0.691778361438,0.252217012103,0.112225670473,-0.704756290989,1.0,-0.146863312844,0.228486941205,0.0637588065696,0.0632684164326,0.0
1998-03-20,0.848662743834,-0.833260101712,0.697325487668,0.993284541928,-0.0642679738758,0.844826077456,1.0,0.0680787335091,-0.269141781732,-0.363718029409,0.379765195699,-0.392357142892,-0.389201869699,0.758791788387,0.0,0.0,-0.819216058269,1.0,-0.049799401988,0.0,0.0,0.0531483232709,0.0,0.179403958013,-0.626585161781,-0.737933557107,0.438626229916,-0.628658672268,-0.78337305515,0.439421667548,0.0,0.0,-0.322871335528,1.0,0.0798790811542,-0.078826010663,-0.0178640518539,0.010211072696,0.0
1997-12-19,0.0313345090319,-0.288133964328,-0.486091517915,0.310159170555,-0.330244109618,-0.128004505663,0.306929716134,0.0122016176773,-0.594635669781,-0.469612328665,0.552134396613,-0.534406261234,-0.770651097917,0.785021276714,0.0,0.0,-0.889363759748,1.0,-0.150968335955,0.0,0.0,0.0838249940958,0.0,-0.0136558015739,-0.767556033729,-0.731120657298,0.672136738342,-0.717654802339,-0.843191775435,0.513201899882,0.148213555228,0.0659486268193,-0.486587149591,1.0,-0.185672904055,0.134268745779,0.0374674147473,0.093408898963,0.0
1997-09-19,0.0716644629736,-0.604578393718,-0.736700724692,0.579166556748,-0.698645076175,-0.101515746799,0.677568079007,0.910674269661,-0.627030299859,-0.682050122812,0.465432879907,-0.593400872915,-0.828159006941,0.86453673368,0.0,0.0,-1.0,1.0,0.983691262721,-0.052665466547,-0.0109358297129,-0.533465222267,0.0,0.461396179463,-0.677654870341,-0.739198518324,0.576109245503,-0.684481498514,-0.873382369419,0.984941971648,0.0,0.0,-0.950219513316,1.0,0.0669573911905,0.0,0.0,-0.0259465202591,0.0
1997-06-20,1.0,-0.718082322946,1.0,1.0,0.130501268123,1.0,1.0,-0.0220652893606,-0.634220791323,-0.578305055339,0.640906122826,-0.632600972354,-0.822667251109,0.519913101539,0.234806228072,0.00908180058941,-0.674902389287,1.0,-0.206243370782,0.0431275479228,0.0115208486557,0.0872884138941,0.0,-0.0396486899658,-0.656369881606,-0.684657060507,0.672319219262,-0.690502815997,-0.829255739517,0.280278328917,0.0,0.34456035219,-0.242146988303,0.0,-0.0687574573902,-0.286513399049,0.0210705784821,0.0819606324831,-0.5
1997-03-21,0.101171440484,-0.744758804896,-0.318022446945,0.928279407955,-0.685593002022,0.300013465366,-0.25570619738,0.399095092974,-0.78077456571,-0.732724756041,0.666673671451,-0.720198767652,-0.844244962433,0.628542078405,0.0,0.0,-0.790109816796,1.0,0.299905499356,0.0,0.0,-0.187271937234,0.0,0.14425077523,-0.816898920698,-0.797189131209,0.683070282649,-0.760850091936,-0.905053643525,0.53860446841,0.0290202630014,0.0129127628841,-0.594969884699,1.0,-0.000194781544292,0.0262898647116,0.00733613216601,-0.0207089684967,0.0
1996-12-20,0.392702599789,-0.817005011127,-0.0809361658362,0.947534412121,-0.543587120405,0.429557348728,0.726952270167,0.410953997362,-0.862957080151,-0.920251668291,0.792518689983,-0.874203570658,-0.933818231637,0.523474028699,0.0,0.0,-0.675984927662,1.0,0.323983648766,0.0,0.0,-0.242757944835,0.0,0.170678753684,-0.957714618823,-0.917660159382,0.891038529682,-0.913109611144,-0.982832302822,0.412659859384,0.0,0.0,-0.404392113107,1.0,-0.017142040822,0.0,0.0,0.000486788946053,0.0
1996-09-20,0.461562473225,-0.835666466578,-0.0768750535494,0.921153712984,-0.52100409169,0.416516119698,1.0,-0.0887134882309,-0.760871498222,-0.691272413712,0.731147262449,-0.731790861144,-0.745068395637,0.409970507804,0.0,0.0,-0.52804645941,1.0,-0.362544792803,0.0,0.0,0.120708779617,0.0,-0.186721343227,-0.731489216498,-0.748903994446,0.636062998444,-0.712735554127,-0.73524809873,0.108030484462,0.0,0.0184246756711,-0.0280866395739,0.0,-0.190156484808,0.0,0.0104676169657,0.141352937229,-0.5
1996-06-21,0.117538664174,-0.876868037561,-0.559889233658,0.766283156925,-0.723070304036,0.0865285940618,0.420125068323,0.205865613617,-0.733402322309,-0.752683864165,0.685819043504,-0.739436208298,-0.791100585996,0.600923893413,0.0,0.0,-0.68736368557,1.0,0.191128099669,0.0,0.0,-0.0287108396923,0.0,0.0980482132124,-0.85915632454,-0.861183312825,0.831625671752,-0.856592202529,-0.873390728256,0.48505466586,0.0,0.0,-0.453758608765,1.0,-0.0729393684089,0.0,0.0,0.0358004607088,0.0
1996-03-15,0.27771803057,-0.736666216653,-0.0688933471915,1.0,-0.575216408361,0.465553326404,0.193066464436,0.166729513189,-0.838899737572,-0.883755636716,0.856350981309,-0.888870455973,-0.896236423732,0.497257092255,0.0,0.0,-0.639138014619,1.0,0.105693102128,0.0,0.0,-0.0176269829258,0.0,-0.000707000303369,-0.802287267876,-0.844547018367,0.811116059552,-0.83900751417,-0.885931480335,0.524573785479,0.0,0.0,-0.469314744114,1.0,-0.068141644295,0.0,0.0,0.0664671767727,0.0
1995-12-15,0.282203531908,-0.919611633224,-0.331037425156,0.816306778705,-0.609713108588,0.229533925914,0.762064873827,0.24567122596,-1.0,-0.986783294434,0.90233935259,-0.961790252892,-1.0,0.460228867925,0.0,0.0,-0.628396002218,1.0,0.151291075867,0.0,0.0,-0.105136818304,0.0,0.0783173567447,-0.978499883618,-0.971002921046,0.878625163919,-0.939498138226,-0.990578189811,0.538557907313,0.0,0.0,-0.578703414075,1.0,-0.0858262256313,0.0,0.0,0.0424947153855,0.0
1995-09-15,0.308266522009,-1.0,-0.378074953201,1.0,-0.77934802278,0.3109625234,0.98266028098,0.356712503876,-0.86217953137,-0.920687386033,0.789198342664,-0.872681018583,-0.881694109321,0.407225977636,0.0,0.0,-0.56432485568,1.0,0.360315712956,0.0,0.0,-0.238707652086,0.0,0.0565537966366,-0.867787135904,-0.92319856745,0.786922756613,-0.875207449834,-0.878839074538,0.509592939062,0.0,0.0,-0.596271413931,1.0,-0.00466274426242,0.0,0.0,-0.000116519756876,0.0
1995-06-16,0.353802140718,-0.891487642729,-0.292395718565,1.0,-0.722779843598,0.353802140718,1.0,0.377979847671,-0.982040358958,-0.983125212784,0.909673034116,-0.963590017664,-0.955391966724,0.280993983491,0.0,0.0,-0.418854665472,1.0,0.404508266246,0.0,0.0,-0.31971798231,0.0,0.119351298204,-1.0,-0.962729530662,0.910912498055,-0.947301530442,-0.953941233569,0.382044444532,0.0,0.0,-0.437580405518,1.0,0.123867109415,0.0,0.0,-0.045755569766,0.0
1995-03-17,0.379664323626,-0.959548494828,-0.240671352747,1.0,-0.688629758037,0.379664323626,1.0,-0.000781249674331,-0.86796615784,-0.808652358079,0.922496321828,-0.885824147258,-0.924829466691,0.139279694438,0.0,0.0,-0.224016187137,1.0,-0.0855788627397,0.0,0.0,0.0220490100308,0.0,0.0855914974188,-0.99131352542,-0.957004643405,0.967384283637,-0.965922736207,-0.989372134013,0.0352375320021,0.0,-0.0468473513857,-0.0618010437099,1.0,0.122401169852,0.0,-0.0293916323324,-0.0609366923804,1.0
1994-12-16,-0.0658118512884,-0.829856270223,-0.780701849277,0.579843377876,-0.728206627899,-0.121686203002,-0.0572043190572,0.104490816566,-0.874289333934,-0.872133152053,0.943012676929,-0.926652499834,-0.928203580319,0.1843543277,0.0,0.0,-0.253117526152,1.0,-0.0616914197534,-0.0903299553318,-0.0187567503765,-0.043173697245,0.0,0.0902913525153,-0.862704095273,-0.838417664067,0.927068881151,-0.880701424628,-0.924258516135,0.0374961309423,0.0,-0.0766414616214,-0.0492637485601,1.0,-0.0812571095019,0.0,-0.0786008088834,0.0388830398665,0.0
1994-09-16,0.229054432215,-0.918828119501,-0.418242272355,0.988026047334,-0.796834556208,0.284037921461,0.584680425532,0.0492034032678,-0.888407696296,-0.876532729062,0.879340829462,-0.896893603582,-0.942930056206,0.216847376004,0.402731381378,0.0155767848528,-0.226807159076,1.0,-0.0322357490128,-0.108762896305,-0.0225842965239,0.00544086053967,0.0,0.185128209464,-0.894523400185,-0.865941715272,0.909327318232,-0.889843160195,-0.92835726753,-0.00425516778347,0.0,0.0,0.0185610510988,-1.0,-0.0180509322537,0.581652465592,0.162308912925,0.0219958236602,-0.5
1994-06-17,0.138756024947,-0.909167387581,-0.621948041223,0.862179016142,-0.836387910748,0.110286282222,0.624522791063,-0.188389037853,-0.792213006442,-0.734795940882,0.835900407342,-0.806324764094,-0.843887520158,0.233826037769,0.887645065998,0.0343322046853,-0.233988267293,1.0,-0.189107008203,0.163036370187,0.0435526116548,0.155262147166,0.0,-0.101376314673,-0.775570890406,-0.755725859971,0.749630576665,-0.762189224577,-0.867226453944,-0.0933495166188,0.0,0.0,0.0616689159632,-1.0,-0.193702997003,0.0,0.0,0.122150962471,-1.0
1994-03-18,-0.0387328112535,-0.876737627265,-0.823937330105,0.752152732562,-0.8867432537,-0.0499910040591,-0.152186178086,0.0993361065464,-0.973774867944,-0.964703724741,1.0,-1.0,-0.972498032908,0.333429243154,0.0,0.0,-0.438910682154,1.0,0.00246924279854,0.0,0.0,-0.0108262420441,0.0,0.124866907685,-0.986963145263,-1.0,0.990249287298,-1.0,-1.0,0.203031289082,0.0,0.0,-0.231486400837,1.0,0.0663603737465,0.0,0.0,-0.0467106813328,0.0
1993-12-17,0.0385364721334,-0.956756673866,-0.85551952938,0.874640081877,-1.0,0.000619777281908,0.531438888629,0.14535843781,-0.980335385258,-0.964423570118,0.973278999309,-0.986411244513,-0.983495903823,0.332564175572,0.0,0.0,-0.432313091019,1.0,0.11201284626,0.0,0.0,-0.0541779625302,0.0,0.0979907411559,-0.953557136265,-0.926759006987,0.978468004545,-0.952470838735,-0.962873435981,0.199507518738,0.0,0.0,-0.204595281989,1.0,0.0436431980088,-0.0193898147238,-0.004394243128,-0.00398259936226,0.0
1993-09-17,0.150603869673,-0.989877477357,-0.577332906168,1.0,-0.910904515258,0.211333546916,0.42527177413,0.0926091466706,-0.880444294326,-0.896560728341,0.929009738267,-0.931268546315,-0.926102428206,0.293321909846,0.0,0.0,-0.399296644141,1.0,0.0278545543577,0.0,0.0,-0.00961848774388,0.0,-0.00402765551569,-0.908037450014,-0.917846603794,0.975781266925,-0.946271696,-0.968325194789,0.109103670184,0.0,-0.0066006557276,-0.120870275773,1.0,0.0762542992067,0.0,-0.00676940220574,-0.0112213965479,0.5
1993-06-18,0.0873481079623,-0.885801818522,-0.55813620663,0.919762380216,-0.837698513675,0.175090648812,-0.00147853296089,0.00847878777914,-0.803247538654,-0.806811039212,0.891111947104,-0.869007915496,-0.864059327028,0.283563423563,0.0,0.0,-0.393435067316,1.0,0.128736493673,0.0,0.0,0.0365641587651,0.0,-0.0865597853762,-0.877836869209,-0.827890904933,0.960879634819,-0.887818170657,-0.919224780849,0.0756047508715,0.0,0.404299212032,-0.0725818148463,0.0,-0.159015255177,0.0,0.229694642479,0.0963505082481,-0.5
1993-03-19,0.185200353851,-0.810497028244,-0.467697313994,0.903004800443,-0.765345840433,0.210736177432,0.496521018242,0.213623856327,-0.949737072912,-0.948543729381,0.952217362255,-0.968252592495,-0.984612918398,0.238462242206,0.0,0.0,-0.441694194529,1.0,-0.0660657444691,0.0,0.0,-0.128627056711,0.0,-0.0300074001086,-0.988405429316,-0.914520328821,0.963309447449,-0.939484324627,-0.96708020061,0.260187889517,0.0,0.0,-0.232807164347,1.0,-0.0489463721258,0.0,0.0,0.0561227066355,0.0
1992-12-18,0.376779791736,-0.935036037413,-0.246440416528,1.0,-0.692438679009,0.376779791736,1.0,0.0244118108088,-0.856883578796,-0.836152499185,0.881974528639,-0.878320973525,-0.86070351182,0.273259259926,0.0,0.0,-0.363307924788,1.0,-0.0810111834159,0.0,0.0,0.0311144261616,0.0,-0.00217542971749,-0.864955169448,-0.851855796474,0.816523594945,-0.844729329027,-0.849278048409,0.0676005340063,-0.137977576813,-0.0145717046268,-0.0574195208373,0.0,-0.0992380282125,-0.137977576813,-0.0149442318328,0.0573893080692,-0.5
1992-09-18,0.158014716794,-0.890624174847,-0.618700622988,0.978517992148,-0.922010657872,0.178376616979,0.678350800014,0.0253520681805,-0.879242214299,-0.854774212714,0.897294183788,-0.895427825651,-0.952336652189,0.315928083344,0.0,0.0,-0.404374234011,1.0,-0.115873142433,0.0,0.0,0.0360931123464,0.0,0.160616152574,-0.911202783476,-0.94295828884,0.815367115706,-0.898278677091,-0.942319106849,0.118955347532,0.0,0.0,-0.113334907055,1.0,0.153447240673,0.0,0.0,-0.0714298339086,0.5
1992-06-19,-0.0657116555643,-0.884245448399,-0.734185305315,0.802004415562,-0.865094485982,0.0197887791643,-0.690813216818,-0.0513296236045,-0.800148584252,-0.755660402426,0.847501855218,-0.822505610522,-0.885266735863,0.376958800894,0.0,0.0,-0.45201165161,1.0,-0.139942921697,0.0,0.0,0.0820675028241,0.0,0.108771805007,-0.782184783116,-0.842336670495,0.780002786604,-0.82533095838,-0.897582534958,0.166559809042,0.0,0.0,-0.170450299656,1.0,-0.101398456819,0.0,0.0,0.0331574779827,0.0
1992-03-20,-0.0505433059556,-0.876627578231,-0.954406206896,0.719716033212,-0.948412557706,-0.128163035455,0.119332114299,0.327223673383,-0.683950623514,-0.788373392413,0.618517197531,-0.722266799499,-0.761677059072,0.450667140444,0.0,0.0,-0.560328270743,1.0,0.408385753883,0.0,0.0,-0.218661964938,0.0,0.176445813965,-0.760321644848,-0.912486897773,0.546776853393,-0.774254816097,-0.877536879402,0.461772743777,0.0,0.0,-0.466425342192,1.0,0.314640377426,0.0,0.0324748694543,-0.235458058962,0.0
1991-12-20,0.0424330261689,-0.735883491463,-0.605253149051,0.765153226306,-0.752168589994,0.0632010859403,0.0653453269024,0.03450169778,-0.775691679602,-0.780791796064,0.867253502467,-0.844172204666,-0.842086387868,0.307594423271,0.0,0.0,-0.427074068992,1.0,-0.151264364675,0.0,0.0,0.0343200169035,0.0,-0.0158833442535,-0.878413444328,-0.861119507521,0.903756544718,-0.884878451988,-0.964496280736,0.239413969184,0.0,0.00663888287835,-0.195246224199,0.0,-0.031231897808,0.0,0.0037717506832,0.0554635588225,-0.5
1991-09-20,0.105335981822,-0.769183946518,-0.526516206872,0.88236027119,-0.788605607992,0.169532126601,0.135349930843,0.0202538468329,-0.744383471648,-0.718214830654,0.785977581029,-0.773433124109,-0.874321115503,0.387265799415,0.0,0.0,-0.47237127034,1.0,0.123903016268,0.0,0.0,0.0361273402492,0.0,0.209292934006,-0.811966152184,-0.836438791615,0.798256951623,-0.828868723682,-0.890309664877,0.246508013924,-0.163806233039,-0.0361974193617,-0.346921873942,1.0,-0.0225977562223,-0.172344333315,-0.0390577688909,0.00310699498322,0.0
1991-06-21,-0.0168334429975,-0.771363375116,-0.672556033451,0.722975275656,-0.764784823184,0.00545259430488,-0.136406243091,0.513651535115,-0.644940861032,-0.618536125776,0.602406613711,-0.631991941337,-0.8463452745,0.343857964948,0.0,0.0,-0.520053863564,1.0,0.327278966226,0.0,0.0,-0.403842067844,0.0,0.0805226218257,-0.734822551355,-0.797359694027,0.680251129031,-0.759449492111,-0.909260573341,0.401632596233,0.0,0.0,-0.532028627367,1.0,-0.00839032189555,0.0,0.0,-0.0408404864826,0.0
1991-03-15,0.714636197219,-0.700280770747,0.537435628563,0.881446671862,-0.085461251466,0.700986087992,0.870687675851,0.254027198096,-0.608225473764,-0.659126473773,0.552857992742,-0.626368662784,-0.774656504739,0.213259127279,0.0,0.00772985780632,-0.245545877003,0.0,0.265042421231,0.0,-0.158234891975,-0.252232993419,0.0,0.0115043456198,-0.662107006134,-0.78491285881,0.673745241945,-0.749034434849,-0.774283351449,0.132467881056,0.0,0.0,-0.0700198598944,0.0,0.170892723805,0.0,0.526564449872,-0.0908402427171,0.0
1990-12-21,0.509405506764,-0.728855760938,0.0188110135285,0.906682585734,-0.446911978574,0.456091528486,1.0,-0.45516098175,-0.390372243708,-0.221573808156,0.413668297065,-0.343592416415,-0.666078155731,0.0737433838916,0.0,0.212883351038,-0.0169632142619,0.0,-0.633800946873,0.0,0.270056234387,0.331594835457,-1.0,-0.0157864274111,-0.49827597101,-0.523777137593,0.378253970182,-0.478537114573,-0.812654819871,-0.258765535793,0.0,0.0,0.209515165955,-1.0,0.112040600255,0.0,0.0,-0.0154018232785,0.0
1990-09-21,-0.59869787683,-0.528909005999,-0.911970993284,-0.318500152821,-0.137159168955,-0.661902555413,-0.826440849578,0.297123302059,-0.747506300944,-0.743755563414,0.713707428911,-0.749172034728,-0.830601408617,0.407568166402,0.0,0.0,-0.454617952893,1.0,0.118400997075,-0.480828501171,-0.0998426284749,-0.170771587076,0.0,-0.046124255386,-0.809002681749,-0.765563749331,0.756194944152,-0.770921224138,-0.850522564611,0.122709338267,0.0626059276874,0.0278569322177,-0.107082906682,1.0,-0.0929258310568,0.0567155910671,0.0158263679371,0.0424208089001,0.0
1990-06-15,0.476027282966,-0.801512231423,0.105876591699,0.819806152913,-0.323888407199,0.449990192058,0.765474591557,-0.0392281061414,-0.746408546061,-0.656471235581,0.704794539103,-0.702463738974,-0.837119383872,0.398348251201,0.84108733761,0.0325314517471,-0.402585699027,1.0,-0.127595455744,0.154484975794,0.0412682406357,0.073370349246,0.0,-0.0224532704746,-0.867286412224,-0.831814464009,0.829830859115,-0.838736685886,-0.938549913662,0.0440418998439,0.47497906491,0.211345156996,0.0106910935385,0.0,-0.109680193345,1.0,0.279047923848,0.0697907911638,-0.5
1990-03-16,0.0467156439621,-0.740632000304,-0.906568712076,0.520947784188,-0.766876791621,-0.211817841065,1.0,-0.0761706375455,-0.740589713299,-0.723813727299,0.7241270831,-0.744535074419,-0.808414298951,0.465553144903,0.0,0.0,-0.499423398499,1.0,-0.226463447664,0.0,0.0,0.107384540572,0.0,-0.0858270277458,-0.726776545633,-0.766571149912,0.687797427071,-0.744439498512,-0.827952905635,0.162213792347,0.0,0.0,-0.108924913516,0.0,-0.162054720233,0.0,0.0,0.111198621894,-0.5
1989-12-15,0.0492755726921,-0.839422344176,-0.815134739941,0.578886679154,-0.750218587824,-0.138262971795,0.74081598251,0.134729947142,-0.56770344094,-0.729632164331,0.707158377197,-0.737996543323,-0.566848711808,0.584832094447,0.0,0.0,-0.641154656082,1.0,0.064658829336,0.0,0.0,0.0174456393824,0.0,0.00252049290453,-0.513549411814,-0.795745161388,0.644307594637,-0.742745714052,-0.525032876793,0.453933692328,0.379482981809,0.168853527014,-0.46298854777,1.0,-0.0657522899339,0.343778974423,0.0959308090754,0.0437001542934,0.0
1989-09-15,0.156541382581,-0.802820417631,-0.390582031926,0.933295325331,-0.737283204739,0.266599359973,0.135591838045,0.341280233864,-0.803697493416,-0.8849325279,0.762763200603,-0.842200784912,-0.891391949518,0.562179701913,0.0,0.0,-0.664180246132,1.0,0.281734214377,0.0,0.0,-0.189210717383,0.0,0.191502558234,-0.826474165291,-0.922979149424,0.704069804658,-0.842781236369,-0.8993525147,0.613090667509,0.0,0.0,-0.692605130909,1.0,0.1714812674,0.0,0.0,-0.0922337919873,0.0
1989-06-16,0.217669416665,-0.842900538192,-0.357003950497,0.8565598455,-0.657224188146,0.239547990652,0.485293802714,0.322228058358,-0.762944073696,-0.809104167297,0.810579674431,-0.829701466529,-0.865968215631,0.463477729112,0.0,0.0,-0.548873850186,1.0,0.466932065255,0.0,0.0,-0.222938809228,0.0,0.567613269354,-0.87419942357,-0.890343528455,0.807924458015,-0.864346618594,-0.870905750083,0.514514201737,0.0,0.0,-0.582374153925,1.0,0.341203414082,0.0,0.0,-0.196241874864,0.0
1989-03-17,0.121365222352,-0.759917167192,-0.479290867448,0.925333795515,-0.78984539944,0.217696371819,0.0826172231933,0.0420817556355,-0.824562580792,-0.80583310677,0.892034416611,-0.869069108309,-0.898840408171,0.299894061767,0.0,0.0,-0.413013308223,1.0,-0.106115279659,0.4078014344,0.1089377633,0.00951958107703,0.0,0.250659755043,-0.912623468944,-0.923404388272,0.886852415088,-0.914580293576,-0.937336330766,0.431292189812,0.0,0.0,-0.378797110111,1.0,0.365008743663,0.0,0.0,-0.12225115937,0.0
1988-12-16,-0.130528154163,-0.819627268684,-1.0,0.297237464339,-0.659794765033,-0.374688138597,0.257056843305,0.307500165366,-0.706571877327,-0.741226796838,0.709705086299,-0.745528309506,-0.817740457461,0.355785284915,-0.4078014344,-0.218508703971,-0.42557770707,1.0,0.256404787327,-0.497989193349,-0.214690507052,-0.252837106352,1.0,0.409693153113,-0.806346791461,-0.918294705016,0.675243991635,-0.828394155238,-0.868303559123,0.221649837165,0.0,-0.469428421143,-0.391050304115,1.0,0.24625257629,0.0,-0.47253096631,-0.221184514552,0.0
1988-09-16,0.15576452526,-0.725855644069,-0.586950866568,0.751382699145,-0.729696270598,0.0644848683213,0.708747875,0.0519117341308,-0.622567241411,-0.650019007043,0.649922259406,-0.671113404093,-0.80032096311,0.265957152395,0.0,0.0924176551383,-0.271496924024,0.0,-0.108288682164,0.0,-0.00612783369605,0.00728217502713,0.0,-0.135382881233,-0.750415025158,-0.781302167566,0.696833926102,-0.756776244093,-0.89856514243,-0.0248900556388,1.0,0.444956783593,0.0336008192909,-1.0,-0.0174305869463,0.905914074946,0.912898734029,0.062929599316,-0.5
1988-06-17,0.23258196822,-0.656415689689,-0.368452710722,0.640409482995,-0.501717942454,0.110332879232,0.68077752719,0.222399232199,-0.537701063084,-0.56366573583,0.536675178885,-0.572627762825,-0.723606374163,0.322993112897,0.0,0.0975065935301,-0.281108287252,0.0,-0.0351576077852,0.0,-0.145902304758,-0.163030115249,0.0,0.0501341013172,-0.569063469229,-0.634120674889,0.688624805056,-0.667234776942,-0.73325586167,-0.0810608396929,0.0,0.0,0.10343859092,0.0,-0.224147234382,0.0,0.0,0.10448561212,0.0
1988-03-18,0.573343026703,-0.695622083358,0.151343872608,1.0,-0.429808730934,0.575671936304,0.991908900004,-0.022875792232,0.182633931105,0.120610441767,-0.124846921278,0.100171984481,-0.179252533674,0.341510726085,0.0,0.218673041082,-0.181756541853,0.0,0.0501166701888,0.0,0.0741169166078,0.0319021459734,0.0,-0.0791125189636,-0.276926294007,-0.560371801931,0.175119469242,-0.419391039932,-0.509839926237,-0.260284837727,0.0,0.0,0.246919298773,-1.0,0.0715749853818,0.0,-1.0,-0.0529847653659,0.0
1987-12-18,0.0217388199021,0.0843673452447,-0.651717511276,0.0163634500345,-0.217954511581,-0.361928548139,0.585925505126,-0.651676441218,0.731441463256,0.150489883124,0.327536224902,-0.108621772739,1.0,0.323952992713,0.0,0.160247218728,-0.223862521395,0.0,-1.0,0.0,0.203283912291,0.503780336401,-1.0,-0.810169281891,1.0,0.250309835691,0.0498265109901,0.124653688101,1.0,-0.549259605826,0.0,0.0,0.432591361907,-1.0,-1.0,-0.394832148708,-0.0894793725926,0.676750353888,-1.0
1987-09-18,0.103756954609,-0.707979153627,0.0208652212847,1.0,-0.515954922118,0.510432610642,-0.593454836364,0.396176863933,-0.727224960008,-0.645883275922,0.656389715951,-0.672822322621,-0.780780060151,0.85065587026,0.0,0.0,-0.888775927393,1.0,0.545721893473,0.0,0.0,-0.152886230219,0.0,0.0546180719912,-0.874939449473,-0.877966100468,0.844868845761,-0.871866888213,-0.955293098569,0.605587873097,0.0,0.0,-0.615037857191,1.0,-0.081615094664,0.0,0.0,0.0440912452752,0.0
1987-06-19,0.51894610011,-0.71587066657,0.0378922002195,0.881863636494,-0.415590408075,0.451452593487,1.0,0.169932412418,-0.554746714872,-0.517749318804,0.498310331177,-0.530342727374,-0.644186192337,0.65946919595,0.0,0.0,-0.795605939772,1.0,0.0176203015964,0.0,0.0,0.021982614615,0.0,-0.177885551803,-0.52814046471,-0.558801443671,0.513257705739,-0.55273923328,-0.726114829968,0.379630019434,0.846201665974,0.376523171563,-0.395799672608,1.0,-0.393731895304,0.766585999448,0.213914231597,0.20474924972,0.0
1987-03-20,0.596570020713,-0.780076859906,0.193140041425,0.981771320796,-0.388461738425,0.586155636487,1.0,0.537102829205,-0.673419509862,-0.772587486199,0.58706062282,-0.698821966201,-0.725924294123,0.653296149014,0.0,0.0,-0.824619646938,1.0,0.573600961977,0.0,0.0,-0.329256817275,0.0,0.74641262915,-0.726411485142,-0.805780183566,0.515646828586,-0.69909338901,-0.730915724159,0.712950225137,0.0,0.0,-0.668531665246,1.0,0.435992164609,0.0,0.0,-0.27787793723,0.0
1986-12-19,0.276347681574,-0.742853163156,-0.241549518659,0.93758707779,-0.64212488161,0.343567574787,0.504064604874,-0.0269359596897,-0.601878606053,-0.628535078754,0.692777843262,-0.682874028856,-0.691563115671,0.452342400203,0.0,0.0,-0.623968132763,1.0,-0.256498971042,0.0,0.0,0.0807888579749,0.0,0.206452709833,-0.820976084059,-0.839261481961,0.765117516971,-0.817622472639,-0.877910122671,0.28833742171,0.0,0.0,-0.169281791961,0.0,0.277051652688,0.0,-0.0172183304874,-0.0938800972901,0.0
1986-09-19,-0.167516709772,-0.587208741722,-0.349537167007,0.600552739271,-0.459161135571,0.0970197504403,-0.867011335577,-0.0282044351604,-0.656157634794,-0.685008373559,0.716832377114,-0.722633644804,-0.800815625153,0.587441146339,0.0,0.0,-0.73059713521,1.0,-0.265065012747,0.0,0.0,0.0938561050748,0.0,-0.135497373276,-0.73204465492,-0.766384654062,0.774739880194,-0.778842095232,-0.816002993392,0.402695865852,0.0,0.0,-0.416276136382,1.0,-0.269251492824,0.0,0.0,0.124427506494,0.0
1986-06-20,0.125332710352,-0.713202079585,-0.730380988803,0.604794995172,-0.713806826085,-0.0849027249225,0.947438374018,0.698188749939,-0.725629866407,-0.792581485013,0.567033350126,-0.698898197824,-0.875228771363,0.72705165129,0.0,0.0,-0.854472915962,1.0,0.607172592942,0.0,0.0,-0.413927290801,0.0,0.110462613454,-0.741597581375,-0.798412945686,0.656626567945,-0.751123979117,-0.888307536134,0.796869274762,0.0,0.0,-0.867276709767,1.0,0.0200312345886,0.0,0.0,-0.0188726141155,0.0
1986-03-21,0.74831499235,-0.804404689339,0.675158122631,1.0,-0.0839697598086,0.837579061316,0.7868521956,0.405302266039,-0.757184286693,-0.84184736891,0.783439796427,-0.831856708033,-0.855650331511,0.514336511646,0.0,0.0,-0.602222595545,1.0,0.278153071812,0.0,0.0,-0.242478532605,0.0,-0.0547001617077,-0.75439611624,-0.818982953903,0.81360395362,-0.825107447894,-0.846581078985,0.474893305156,0.0,0.0,-0.424096756725,1.0,-0.151324403118,0.0,0.0,0.105708969476,0.0
1985-12-20,0.716939895193,-0.857643069323,0.500002470728,1.0,-0.199613139954,0.750001235364,0.911836571429,-0.0837332783099,-0.84146916317,-0.84040740058,0.960308996926,-0.920118692783,-0.942698891962,0.416889146267,0.0,0.0,-0.454454403151,1.0,0.0538188273454,0.0,0.0,0.0944175836522,0.0,0.273235197581,-0.845186881162,-0.877238685847,0.870023629768,-0.881043699123,-0.956168179831,0.140741702218,-0.050114942356,-0.0110742524939,-0.155331797638,0.0,0.128704039879,-0.050114942356,-0.0400227961803,-0.126434207182,0.0
1985-09-20,-0.270252690346,-0.892300360245,-1.0,0.423460791482,-0.755018373552,-0.307390323055,-0.874999558424,0.22546836551,-0.878898547276,-0.909373584058,0.902250581193,-0.924213963226,-0.952186138162,0.398034409562,0.0,0.0,-0.57907125021,1.0,0.0266831280345,0.0,0.0,-0.0954846042939,0.0,0.0227936071553,-0.945062143502,-0.957820525823,0.881825451104,-0.932924413034,-0.952679600774,0.426754535432,0.0,0.0,-0.450547412641,1.0,0.0870084409564,0.0,0.0,0.0121325579103,0.0
1985-06-21,0.234116540664,-0.861282350147,-0.440389283114,0.78986946302,-0.661966249113,0.159753865673,0.771474128099,0.10945865658,-0.886403394337,-0.827140689929,0.940476721051,-0.903565527931,-0.950675012896,0.388686317484,0.0,0.0,-0.520882233531,1.0,0.221279021333,0.0,0.0,-0.0106223710959,0.0,0.0668959909942,-0.95693794657,-0.918816769933,0.986822364893,-0.951256105694,-0.990461473116,0.429691900347,0.0,0.0,-0.401372782373,1.0,0.0988750208067,0.0,0.0,-0.00389690870773,0.0
1985-03-15,0.174571149226,-0.824856072827,-0.193821890466,1.0,-0.657698240171,0.403089054767,-0.133833344458,0.0804023518699,-0.780482679578,-0.758859733998,0.893526885283,-0.846636137416,-0.890566049773,0.254159959093,0.0,0.0,-0.431102915704,1.0,-0.0293273145229,0.0,0.0,-0.0161209127134,0.0,0.279109401877,-0.768953829083,-0.885278631154,0.77268925505,-0.846863794356,-0.863585556534,0.230084440776,0.0,0.0,-0.328298144412,1.0,0.32207507246,0.0,0.220557190736,-0.232807351228,0.5
1984-12-21,0.00764053141357,-0.792359880302,-0.644370461329,0.788457729004,-0.795576146102,0.0569567266059,-0.139536181719,0.374827220047,-0.682632798374,-0.682288179616,0.769789304838,-0.746596367057,-0.780686753708,0.235632191263,0.0,0.0,-0.375890914311,1.0,0.299864914946,0.0,-0.102550799887,-0.315780707804,1.0,-0.0175830713557,-0.851007383408,-0.801206904758,0.925038092365,-0.857681078059,-0.897582605144,0.143040111303,0.0,0.0,-0.166093961641,1.0,-0.046438452021,0.0,0.0,0.0216486316924,0.0
1984-09-21,0.549779911562,-0.67371992156,0.342556308435,0.933542801309,-0.253428451646,0.633309917792,0.657387773111,-0.179631302982,-0.782411053608,-0.712841680509,0.8344175008,-0.794853115743,-0.885165638452,0.130578359785,0.0,0.0851646321598,-0.183451839876,0.0,-0.359926281523,0.0,0.10803681806,0.142571992086,-1.0,-0.0468404937796,-0.870364161475,-0.841642904382,0.87900032746,-0.863868819905,-0.97618490451,-0.13178462724,0.0,0.0,0.103378949281,-1.0,-0.0479230888392,0.0,0.0,0.0300389580844,0.0
1984-06-15,-0.285813654407,-0.816937263739,-0.718101976114,0.428372691186,-0.572605820835,-0.173235364431,-1.0,-0.162671364701,-0.721537757845,-0.604885583424,0.823545660292,-0.737464574436,-0.863016069512,0.297078571523,0.584097979387,0.022591655328,-0.344361968037,1.0,-0.234054227839,0.107282987357,0.0286589690397,0.136552832468,0.0,0.0587988133174,-0.820572029225,-0.818831143038,0.83998569116,-0.834764312974,-0.87470364964,-0.0495641703995,0.0,1.0,0.048820214297,-1.0,-0.0409795114679,0.0,0.276824016668,0.0103100095199,0.0
1984-03-16,-0.209767208312,-0.73604415799,-1.0,0.279415856212,-0.646350040718,-0.384189989986,-0.164428665939,0.00629720978569,-0.877228690292,-0.858614699335,0.953539400651,-0.925355813089,-0.952615505245,0.420355606828,0.0,0.0,-0.524590933669,1.0,-0.177283009406,0.0,0.0,0.0592721182561,0.0,0.145653305765,-0.899802901322,-0.93794150319,0.924759894542,-0.937927905501,-0.947169711531,0.146299160886,-0.0600032692853,-0.0132593458814,-0.116704378702,0.0,0.0582347105236,-0.0600032692853,-0.0875194448208,-0.0731284145301,0.0
1983-12-16,-0.107772414589,-0.891478847293,-0.864401817912,0.740256649482,-0.904484732672,-0.0752146623323,-0.7664016,-0.0574682417183,-0.734147217986,-0.707103025212,0.798675327635,-0.774458794014,-0.856018665353,0.513731078022,0.0,0.0,-0.602821112941,1.0,-0.220160647311,0.0,0.0,0.0976326623742,0.0,-0.0757228307142,-0.822867765549,-0.862853413917,0.802722526531,-0.846322629032,-0.942985728631,0.371334543352,0.330920782838,0.147245447156,-0.266159356587,0.0,-0.179535795004,0.299785794865,0.0836546036563,0.0589001373567,-0.5
1983-09-16,-0.0785298806245,-0.749653378742,-0.888515777713,0.422328862971,-0.680558980313,-0.255974304694,0.245815552873,0.212207297357,-0.709544044157,-0.770382279404,0.760801241162,-0.785571018169,-0.846084180102,0.629690324484,0.0,0.0,-0.731681374815,1.0,0.306901926647,0.0,0.0,-0.0260512420802,0.0,-0.0321604656031,-0.743174317578,-0.82166412689,0.861708460178,-0.84488952534,-0.852861450985,0.737487710038,0.0,0.0,-0.690426930358,1.0,-0.130567920991,0.0,0.0,0.073454786805,0.0
1983-06-17,0.311676096065,-0.778539804784,-0.375932563691,0.899160084487,-0.701859332623,0.254421994689,0.99806505343,0.462964588444,-0.663359163801,-0.725667457616,0.662615150092,-0.714554934951,-0.820081334789,0.522171166105,0.0,0.0,-0.715805557231,1.0,0.432884070996,0.0,0.0,-0.29700213555,0.0,0.403617199611,-0.854461144786,-0.917551457351,0.764859005884,-0.863506311938,-0.945778263552,1.0,0.0,0.0,-0.919032264227,1.0,0.566462665492,-0.0449530864963,-0.0101875543543,-0.156093460286,0.0
1983-03-18,0.241428272504,-0.647662807178,-0.216255072055,0.728988634384,-0.468056803573,0.237038618937,0.449634332037,0.145330274065,-0.387630080945,-0.330393587702,0.594541439207,-0.487593761485,-0.655127353778,0.370515777371,0.0,0.0,-0.534810282162,1.0,0.151520403013,0.0,0.0,-0.0419578137296,0.0,0.235024782585,-0.678617030055,-0.724812874207,0.658446426596,-0.707759280112,-0.835156357313,0.499316509325,0.0,0.0,-0.726562105724,1.0,-0.0619394383545,-0.0415659300841,-0.00941993542653,-0.0713837210843,0.0
1982-12-17,-0.0484903818594,-0.401023356634,-0.653499078451,0.572993537472,-0.639055718861,-0.0659843595552,-0.0961333937099,1.0,-0.372287933565,-0.467728847888,0.359127965293,-0.433176912935,-0.662226326476,0.317432545254,0.0,0.0,-0.509240883399,1.0,1.0,0.0,-0.12807360744,-1.0,1.0,1.0,-0.571148692306,-0.738702665174,0.377951165146,-0.604328565689,-0.788025335368,0.941253334481,0.0,0.0,-1.0,1.0,0.997146713481,0.0,0.914324972327,-0.453800838389,0.0
1982-09-17,0.587622414054,-0.445939996621,0.354939270282,0.209165587767,0.301221539252,0.225651193675,0.840878119678,-0.207861349559,-0.800187875116,-0.675983581088,0.903858099327,-0.812227153714,-0.942051138074,-0.0690525783207,0.0,0.106360376311,0.0654271284473,0.0,-0.103932667421,0.0961240530059,0.160603018494,0.135092132722,0.0,0.147888206036,-0.857177420423,-0.846736378619,0.793504656089,-0.832973438589,-0.940475342023,-0.123514137159,-0.153284236755,0.171436857805,0.0961872381549,-1.0,0.288072829998,-0.153284236755,0.0973984776354,-0.262925344352,0.0
1982-06-18,-0.481041234138,-0.837612218123,-0.91968040718,0.0379175317241,-0.41113273532,-0.475470527385,-1.0,0.113559298863,-0.651233667222,-0.109380007145,0.206423882594,-0.183762191699,-0.766682528215,0.0218369909356,-0.0961240530059,-0.051505317223,-0.0781346288911,0.0,0.0308063736531,-0.117382469947,-0.286494050757,-0.149941172343,0.0,0.475894800841,-0.821005358169,-0.665558359545,0.390526918362,-0.567877371259,-0.934684821721,-0.0349731931711,0.0,-0.157194434541,0.0196183951436,0.0,0.528314345955,0.0,-0.161213127275,-0.428299094636,0.5
1982-03-19,-0.207693353917,-0.662144073334,-0.500486626601,0.299850661013,-0.331971422889,-0.140217523339,-0.49923376758,-0.089630442792,-0.698079633939,-0.135450579187,0.358495592117,-0.274801798155,-0.908589222919,0.0110443725768,0.0,0.217680866675,0.00864856247984,0.0,-0.100562271783,0.0,0.141588792199,0.0764174672538,0.0,-0.210672468059,-0.798128348193,-0.450203622333,0.540311834291,-0.500800612214,-0.895997100966,-0.22737164465,0.0,0.0,0.182000557593,-1.0,-0.204202542901,0.0,0.209175692727,0.163846184072,-0.5
1981-12-18,0.261368193973,-0.740158534852,-0.249776758123,0.962724182547,-0.666520346334,0.353815251578,0.426129494112,-0.253392401243,-0.628536011815,-0.0205322209307,0.258654552111,-0.167218418866,-0.808811165187,0.0640108104979,0.0,0.106067459115,-0.0876188127901,0.0,-0.323472862739,0.0,0.134553399596,0.190496765042,-1.0,0.411051959279,-0.705952456377,-0.447660534837,0.157556821138,-0.345284523138,-0.832092262771,-0.193076315807,0.0,0.0,0.164618112453,-1.0,0.260042720868,0.0,0.0,-0.202351089896,0.0
1981-09-18,-0.477119509557,-0.704114603071,-0.518280488903,0.0457609808863,-0.152032776343,-0.283991930999,-1.0,-0.163183501616,-0.815579073522,-0.132165788355,0.338185434553,-0.26307205014,-0.992268106551,0.234384898111,0.0,0.0,-0.339045563148,1.0,-0.239693265708,0.0,0.0,0.139776754173,0.0,-0.11151744541,-0.866132973425,-0.499873954926,0.478824437007,-0.505515732676,-0.983003540102,-0.01399512061,0.0,0.163707267215,0.0397991460376,-1.0,-0.172578779446,0.0,0.0930070628264,0.0846155936327,-1.0
1981-06-19,-0.106692118039,-0.829077099955,-0.971115512429,0.596279890789,-0.866323636996,-0.201771532162,-0.112650994655,0.151532605093,-0.717227977531,-0.0792472531345,0.229228089543,-0.181533996644,-0.966075799184,0.360632030888,0.0,0.0,-0.523529614988,1.0,0.0808184105851,-0.0857365215182,-0.0178029373131,-0.0428795158798,0.0,0.0289344902361,-0.80058803976,-0.488408865817,0.362245418077,-0.452325295843,-0.977491995042,0.359419352378,0.0,0.0,-0.328321070945,1.0,-0.00115007558335,0.0,0.0,0.0108372815096,0.0
1981-03-20,0.169704702636,-0.743064543099,-0.607696498334,0.718391196718,-0.718504221811,0.035263392115,0.851853909467,0.0117615769124,-0.558538775616,0.055906782613,0.117110217202,-0.0587259975603,-0.866554488699,0.332318336078,0.382251796968,0.0147846785135,-0.49739852419,1.0,-0.0723448536183,0.0702093075965,0.0187553164045,0.0532648400221,0.0,-0.167381354293,-0.758988754538,-0.457401080016,0.282135701254,-0.40215990026,-0.879336270813,0.26675393201,0.0,0.485314002439,-0.257819072981,0.0,-0.23405465979,0.0,0.275721601632,0.117233542836,-0.5
1980-12-19,0.170200659361,-0.569726579929,-0.0566000310225,0.724530362447,-0.359284077812,0.314319045591,0.0414609188768,0.301819961819,-0.630516691342,-0.153641312207,0.19807945615,-0.201909641762,-0.933426652929,0.370422578655,0.0,0.0,-0.567700010056,1.0,0.213090990626,0.0,0.0,-0.173855730482,0.0,0.220249768132,-0.660100632532,-0.442853883087,0.252630920593,-0.382014398663,-0.946973974451,0.423273764497,0.0,0.0,-0.590236985422,1.0,-0.187026264065,0.0,0.0,0.0536699809568,0.0
1980-09-19,0.402561222136,-0.738260734989,-0.194877555728,0.996672324796,-0.655884806809,0.400660059262,1.0,0.596988074689,-0.751103225512,-0.262843173584,0.209090599075,-0.26055850675,-0.970440572828,0.295768879929,0.0,0.0,-0.461751055505,1.0,0.492114772689,-0.177243566229,-0.0368041068478,-0.537192224564,0.0,0.327635897123,-0.79398108952,-0.584047389691,0.374770999546,-0.513799830995,-0.993854199779,0.654091823944,0.0,0.0,-0.592337019959,1.0,0.491468376503,0.0,1.0,-0.16520370981,0.0
1980-06-20,0.485828085864,-0.793755123337,0.211841442013,0.957959279801,-0.358150532301,0.581902073885,0.618716844132,-0.24554110625,-0.474851028658,0.21448352929,0.0431413117198,0.0574650493692,-0.789035538605,0.123362773642,0.790231169777,0.0305644444032,-0.134382182315,1.0,-0.242779440993,0.145144074433,0.0387729652011,0.187911298495,0.0,0.353799208605,-0.555542886008,-0.333741154258,0.0954297606826,-0.252867110894,-0.769164932949,-0.0072317413785,0.0,0.347285231077,0.0251880736519,-1.0,0.228810793971,0.0,-0.118406621623,-0.186453889952,0.0
1980-03-21,-0.499685909592,-0.60913263247,-0.511905233948,-0.0037934634511,-0.110439468905,-0.307437858514,-0.993820024722,0.521128150687,-0.751340395556,-0.296929256115,0.30452019407,-0.325359692099,-0.888082356441,0.251235403823,0.0,0.0,-0.382396510149,1.0,0.571268263173,-0.157450489501,-0.0326941324987,-0.505784885489,0.0,0.425420083649,-0.804976546819,-0.546631636207,0.354339908128,-0.483207311257,-0.879293851451,0.454120960484,0.0,0.0,-0.499144619963,1.0,0.35855717295,0.0,0.0,-0.206119474818,0.0
